priorityId,flagIndRuleId,customerType,language,applicationId,delinquencyRuleId,feature,intent,intentGroup,exitAction,transferVQ,transferDID,terminationMessage
10100001,bizpriority,*,en-US,*,*,*,*,tech-support-wireline,transfer,BusTech-ROG-PPri-T1-Wir-IB-EN,11054211062,
10100001,bizpriority,*,fr-CA,*,*,*,*,tech-support-wireline,transfer,BusTech-ROG-PPri-T1-Wir-IB-FR,11054212062,
10100001,bizpriority,*,en-US,*,*,*,*,tech-support-wireless,transfer,BusTech-ROG-PPri-T1-Wir-IB-EN,11054211062,
10100001,bizpriority,*,fr-CA,*,*,*,*,tech-support-wireless,transfer,BusTech-ROG-PPri-T1-Wir-IB-FR,11054212062,
10100001,bizpriority,*,en-US,*,*,*,*,tech-support,transfer,BusTech-ROG-PPri-T1-Wir-IB-EN,11054211062,
10100001,bizpriority,*,fr-CA,*,*,*,*,tech-support,transfer,BusTech-ROG-PPri-T1-Wir-IB-FR,11054212062,
10100001,bizpriority,*,en-US,*,*,*,*,self-serve-wireless-lost-stolen,transfer,Xfer-GVP-IVR-self-serve-wireless-lost-stolen-EN,11154890008,
10100001,bizpriority,*,fr-CA,*,*,*,*,self-serve-wireless-lost-stolen,transfer,Xfer-GVP-IVR-self-serve-wireless-lost-stolen-FR,11154890018,
10100001,bizpriority,*,en-US,*,*,*,*,self-serve-wireless-HUP,transfer,BusSls-ROG-SMB-Wir-IB-EN,11051899060,
10100001,bizpriority,*,fr-CA,*,*,*,*,self-serve-wireless-HUP,transfer,BusSls-ROG-SMB-Wir-IB-FR,11051899105,
10100001,bizpriority,*,en-US,*,*,*,*,self-serve-PromiseToPay,transfer,Xfer-GVP-IVR-self-serve-PromiseToPay-EN,11154890006,
10100001,bizpriority,*,fr-CA,*,*,*,*,self-serve-PromiseToPay,transfer,Xfer-GVP-IVR-self-serve-PromiseToPay-FR,11154890016,
10100001,bizpriority,*,en-US,*,*,*,*,self-serve-PaymentHistory,transfer,Xfer-GVP-IVR-self-serve-PaymentHistory-EN,11154890007,
10100001,bizpriority,*,fr-CA,*,*,*,*,self-serve-PaymentHistory,transfer,Xfer-GVP-IVR-self-serve-PaymentHistory-FR,11154890017,
10100001,bizpriority,*,en-US,*,*,*,*,self-serve-OrderStatus,transfer,Xfer-GVP-IVR-self-serve-OrderStatus-EN,11154890010,
10100001,bizpriority,*,fr-CA,*,*,*,*,self-serve-OrderStatus,transfer,Xfer-GVP-IVR-self-serve-OrderStatus-FR,11154890020,
10100001,bizpriority,*,en-US,*,*,*,*,self-serve-MakePayment,transfer,Xfer-GVP-IVR-self-serve-MakePayment-EN,11154890005,
10100001,bizpriority,*,fr-CA,*,*,*,*,self-serve-MakePayment,transfer,Xfer-GVP-IVR-self-serve-MakePayment-FR,11154890015,
10100001,bizpriority,*,en-US,*,*,*,*,self-serve-local-number-portability,transfer,BusServ-ROG-SMB-PPri-Wir-IB-EN,11054111062,
10100001,bizpriority,*,fr-CA,*,*,*,*,self-serve-local-number-portability,transfer,BusServ-ROG-SMB-PPri-Wir-IB-FR,11054112062,
10100001,bizpriority,*,en-US,*,*,*,*,self-serve-InterceptBalance,transfer,Xfer-GVP-IVR-self-serve-InterceptBalance-EN,11154890004,
10100001,bizpriority,*,fr-CA,*,*,*,*,self-serve-InterceptBalance,transfer,Xfer-GVP-IVR-self-serve-InterceptBalance-FR,11154890014,
10100001,bizpriority,*,en-US,*,*,*,*,self-serve-AccountBalance,transfer,Xfer-GVP-IVR-self-serve-AccountBalance-EN,11154890003,
10100001,bizpriority,*,fr-CA,*,*,*,*,self-serve-AccountBalance,transfer,Xfer-GVP-IVR-self-serve-AccountBalance-FR,11154890013,
10100001,bizpriority,*,en-US,*,*,*,*,sales-wireline,transfer,BusSls-ROG-SMB-Cbl-IB-EN,11051899061,
10100001,bizpriority,*,fr-CA,*,*,*,*,sales-wireline,transfer,BusSls-ROG-SMB-Cbl-IB-FR,11051899153,
10100001,bizpriority,*,en-US,*,*,*,*,sales-wireless,transfer,BusSls-ROG-SMB-Wir-IB-EN,11051899060,
10100001,bizpriority,*,fr-CA,*,*,*,*,sales-wireless,transfer,BusSls-ROG-SMB-Wir-IB-FR,11051899105,
10100001,bizpriority,*,en-US,*,*,*,*,sales,transfer,BusSls-ROG-SMB-Cbl-IB-EN,11051899061,
10100001,bizpriority,*,fr-CA,*,*,*,*,sales,transfer,BusSls-ROG-SMB-Cbl-IB-FR,11051899153,
10100000,bizpriority,*,en-US,*,*,*,*,*,transfer,BusServ-ROG-SMB-PPri-Wir-IB-EN,11054111062,
10100000,bizpriority,*,fr-CA,*,*,*,*,*,transfer,BusServ-ROG-SMB-PPri-Wir-IB-FR,11054112062,
10101001,bizpriority,*,en-US,*,DELINQUENT0001,*,*,sales-wireline,transfer,BusServ-ROG-SMB-PPri-Wir-IB-EN,11054111062,
10101001,bizpriority,*,fr-CA,*,DELINQUENT0001,*,*,sales-wireline,transfer,BusServ-ROG-SMB-PPri-Wir-IB-FR,11054112062,
10101001,bizpriority,*,en-US,*,DELINQUENT0001,*,*,sales-wireless,transfer,BusServ-ROG-SMB-PPri-Wir-IB-EN,11054111062,
10101001,bizpriority,*,fr-CA,*,DELINQUENT0001,*,*,sales-wireless,transfer,BusServ-ROG-SMB-PPri-Wir-IB-FR,11054112062,
10101001,bizpriority,*,en-US,*,DELINQUENT0001,*,*,sales,transfer,BusServ-ROG-SMB-PPri-Wir-IB-EN,11054111062,
10101001,bizpriority,*,fr-CA,*,DELINQUENT0001,*,*,sales,transfer,BusServ-ROG-SMB-PPri-Wir-IB-FR,11054112062,
10101100,bizpriority,*,en-US,*,DELINQUENT0002,isWirelessOnly,*,*,transfer,CredOps-ROG-CNS-Clct-DelqB-Wir-IB-EN,11051511008,
10101100,bizpriority,*,fr-CA,*,DELINQUENT0002,isWirelessOnly,*,*,transfer,CredOps-ROG-CNS-Clct-DelqB-Wir-IB-FR,11051512008,
10101000,bizpriority,*,en-US,*,DELINQUENT0002,*,*,*,transfer,CredOps-ROG-CNS-Clct-DelqB-MS-IB-EN,11051511006,
10101000,bizpriorit,*,fr-CA,*,DELINQUENT0002,*,*,*,transfer,CredOps-ROG-CNS-Clct-DelqB-MS-IB-FR,11051512006,
00110001,*,*,en-US,Bus_TechSupp_Provisioning_WST_Ent,*,*,*,Bus-TechSupp-Provisioning-WST-Ent-voice,transfer,BusTech-ROG-WST-Prov-ENT-Voice-IB-EN,11054211027,
00110001,*,*,en-US,Bus_TechSupp_Provisioning_WST_Ent,*,*,*,Bus-TechSupp-Provisioning-WST-Ent-data,transfer,BusTech-ROG-WST-Prov-ENT-Data-IB-EN,11054211026,
00110001,*,*,en-US,Bus_TechSupp_MngdSvcs_Ent_T1,*,*,*,Bus-TechSupp-MngdSvcs-Ent-T1,transfer,BusServ-ROG-COMM-Wirln-IB-EN,11051890045,
00110001,*,*,en-US,Bus_TechSupp_CLEC_Wir,*,*,*,Bus-TechSupp-CLEC-Wir-port-error,transfer,TechSupp-ROG-WPFS-BUS-IB-EN,11051221012,
00110001,*,*,fr-CA,Bus_TechSupp_CLEC_Wir,*,*,*,Bus-TechSupp-CLEC-Wir-port-error,transfer,TechSupp-ROG-WPFS-BUS-IB-FR,11051222012,
00110001,*,*,en-US,Bus_Service_SMB_DA,*,*,*,Bus-Service-SMB-DA,transfer,BusServ-ROG-SMB-DA-Dummy-EN,11154710003,
00110001,*,*,fr-CA,Bus_Service_SMB_DA,*,*,*,Bus-Service-SMB-DA,transfer,BusServ-ROG-SMB-DA-Dummy-FR,11154710003,
00110001,*,*,en-US,Bus_Sales_DA,*,*,*,Bus-Sales-DA,transfer,BusSls-ROG-SMB-DA-Dummy-EN,11154710002,
00110001,*,*,fr-CA,Bus_Sales_DA,*,*,*,Bus-Sales-DA,transfer,BusSls-ROG-SMB-DA-Dummy-FR,11154710002,
00110001,*,*,en-US,Bus_NOC_SMB_WST,*,*,*,Bus-NOC-SMB-WST-NOC-voice,transfer,BusTech-ROG-WST-ENT-T1-Voice-IB-EN,11051890169,
00110001,*,*,en-US,Bus_NOC_SMB_WST,*,*,*,Bus-NOC-SMB-WST-NOC-video,transfer,BusTech-ROG-WST-ENT-T1-Video-IB-EN,11051890170,
00110001,*,*,en-US,Bus_NOC_SMB_WST,*,*,*,Bus-NOC-SMB-WST-NOC-data,transfer,BusTech-ROG-WST-T1-Cbl-IB-EN,11051890158,
00110001,*,*,en-US,Bus_NOC_SMB_WST,*,*,*,Bus-NOC-SMB-WST-advantage,transfer,BusTech-ROG-WST-T1-AdvProd-Partner-IB-EN,11054211029,
01110001,*,business_unknown,en-US,Bus_Main_SMB_Ent_WST,*,*,*,tech-support-wireline,transfer,BusTech-ROG-WST-T1-Cbl-IB-EN,11051890158,
01110001,*,business_unknown,fr-CA,Bus_Main_SMB_Ent_WST,*,*,*,tech-support-wireline,transfer,BusSls-ROG-WST-Cbl-IB-FR,11054112038,
01110001,*,business_unknown,en-US,Bus_Main_SMB_Ent_WST,*,*,*,tech-support-wireless,transfer,BusTech-ROG-T1-Wir-IB-EN,11051899059,
01110001,*,business_unknown,fr-CA,Bus_Main_SMB_Ent_WST,*,*,*,tech-support-wireless,transfer,BusTech-ROG-T1-Wir-IB-FR,11051899104,
01110001,*,business_unknown,en-US,Bus_Main_SMB_Ent_WST,*,*,*,tech-support-satellite,transfer,BusTech-ROG-WST-T1-Sat-IB-EN,11051890161,
01110001,*,business_unknown,fr-CA,Bus_Main_SMB_Ent_WST,*,*,*,tech-support-satellite,transfer,BusTech-ROG-WST-T1-Sat-IB-FR,11051890160,
01110001,*,business_unknown,en-US,Bus_Main_SMB_Ent_WST,*,*,*,tech-support-advantage-wifi,transfer,BusTech-ROG-WST-T1-AdvProd-IB-EN,11051890157,
01110001,*,business_unknown,fr-CA,Bus_Main_SMB_Ent_WST,*,*,*,tech-support-advantage-wifi,transfer,BusTech-ROG-WST-T1-Sat-IB-FR,11051890160,
01110001,*,business_unknown,en-US,Bus_Main_SMB_Ent_WST,*,*,*,tech-support,transfer,BusTech-ROG-WST-T1-Cbl-IB-EN,11051890158,
01110001,*,business_unknown,fr-CA,Bus_Main_SMB_Ent_WST,*,*,*,tech-support,transfer,BusSls-ROG-WST-Cbl-IB-FR,11054112038,
01110001,*,business_unknown,en-US,Bus_Main_SMB_Ent_WST,*,*,*,service-satellite,transfer,BusServ-ROG-WST-ENT-Sat-IB-EN,11051890172,
01110001,*,business_unknown,fr-CA,Bus_Main_SMB_Ent_WST,*,*,*,service-satellite,transfer,BusServ-ROG-WST-ENT-Cbl-IB-FR,11054112037,
01110001,*,business_unknown,en-US,Bus_Main_SMB_Ent_WST,*,*,*,service-enterprise,transfer,BusServ-ROG-WST-ENT-Cbl-IB-EN,11051890171,
01110001,*,business_unknown,fr-CA,Bus_Main_SMB_Ent_WST,*,*,*,service-enterprise,transfer,BusServ-ROG-WST-ENT-Cbl-IB-FR,11054112037,
01110001,*,business_unknown,en-US,Bus_Main_SMB_Ent_WST,*,*,*,service,transfer,BusServ-ROG-WST-SMB-Cbl-IB-EN,11054111041,
01110001,*,business_unknown,fr-CA,Bus_Main_SMB_Ent_WST,*,*,*,service,transfer,BusServ-ROG-WST-ENT-Cbl-IB-FR,11054112037,
01110001,*,business_unknown,en-US,Bus_Main_SMB_Ent_WST,*,*,*,sales-wireline,transfer,BusSls-ROG-WST-Cbl-IB-EN,11051890153,
01110001,*,business_unknown,fr-CA,Bus_Main_SMB_Ent_WST,*,*,*,sales-wireline,transfer,BusSls-ROG-WST-Cbl-IB-FR,11054112038,
01110001,*,business_unknown,en-US,Bus_Main_SMB_Ent_WST,*,*,*,sales-wireless,transfer,BusSls-ROG-SMB-Wir-IB-EN,11051899060,
01110001,*,business_unknown,fr-CA,Bus_Main_SMB_Ent_WST,*,*,*,sales-wireless,transfer,BusSls-ROG-SMB-Wir-IB-FR,11051899105,
01110001,*,business_unknown,en-US,Bus_Main_SMB_Ent_WST,*,*,*,sales,transfer,BusSls-ROG-WST-Cbl-IB-EN,11051890153,
01110001,*,business_unknown,fr-CA,Bus_Main_SMB_Ent_WST,*,*,*,sales,transfer,BusSls-ROG-WST-Cbl-IB-FR,11054112038,
01110001,*,business_unknown,en-US,Bus_Main_SMB_Ent_WST,*,*,*,collection-payments-satellite,transfer,BusServ-ROG-WST-ENT-Sat-IB-EN,11051890172,
01110001,*,business_unknown,fr-CA,Bus_Main_SMB_Ent_WST,*,*,*,collection-payments-satellite,transfer,BusServ-ROG-WST-ENT-Cbl-IB-FR,11054112037,
01110001,*,business_unknown,en-US,Bus_Main_SMB_Ent_WST,*,*,*,collection-payments-enterprise,transfer,BusServ-ROG-WST-ENT-Cbl-IB-EN,11051890171,
01110001,*,business_unknown,fr-CA,Bus_Main_SMB_Ent_WST,*,*,*,collection-payments-enterprise,transfer,BusServ-ROG-WST-ENT-Cbl-IB-FR,11054112037,
01110001,*,business_unknown,en-US,Bus_Main_SMB_Ent_WST,*,*,*,collection-payments,transfer,BusServ-ROG-WST-SMB-Cbl-IB-EN,11054111041,
01110001,*,business_unknown,fr-CA,Bus_Main_SMB_Ent_WST,*,*,*,collection-payments,transfer,BusServ-ROG-WST-ENT-Cbl-IB-FR,11054112037,
01110001,*,business_unknown,en-US,Bus_Main_SMB_Ent_WST,*,*,*,churn-risk-satellite,transfer,BusServ-ROG-WST-ENT-Sat-IB-EN,11051890172,
01110001,*,business_unknown,fr-CA,Bus_Main_SMB_Ent_WST,*,*,*,churn-risk-satellite,transfer,BusServ-ROG-WST-ENT-Cbl-IB-FR,11054112037,
01110001,*,business_unknown,en-US,Bus_Main_SMB_Ent_WST,*,*,*,churn-risk-enterprise,transfer,BusServ-ROG-WST-ENT-Cbl-IB-EN,11051890171,
01110001,*,business_unknown,fr-CA,Bus_Main_SMB_Ent_WST,*,*,*,churn-risk-enterprise,transfer,BusServ-ROG-WST-ENT-Cbl-IB-FR,11054112037,
01110001,*,business_unknown,en-US,Bus_Main_SMB_Ent_WST,*,*,*,churn-risk,transfer,BusServ-ROG-WST-SMB-Cbl-IB-EN,11054111041,
01110001,*,business_unknown,fr-CA,Bus_Main_SMB_Ent_WST,*,*,*,churn-risk,transfer,BusServ-ROG-WST-ENT-Cbl-IB-FR,11054112037,
01110010,*,business_unknown,en-US,Bus_Main_SMB_Ent_WST,*,*,sales-satellite,*,transfer,BusSls-ROG-WST-SMB-Sat-IB-EN,11051890152,
01110010,*,business_unknown,fr-CA,Bus_Main_SMB_Ent_WST,*,*,sales-satellite,*,transfer,BusSls-ROG-WST-Cbl-IB-FR,11054112038,
01110010,*,business_unknown,en-US,Bus_Main_SMB_Ent_WST,*,*,phone-help-vague,*,transfer,BusTech-ROG-WST-T1-RBP-IB-EN,11051890162,
01110010,*,business_unknown,fr-CA,Bus_Main_SMB_Ent_WST,*,*,phone-help-vague,*,transfer,BusTech-ROG-WST-T1-Sat-IB-FR,11051890160,
01110010,*,business_unknown,en-US,Bus_Main_SMB_Ent_WST,*,*,phone-hardware-support,*,transfer,BusTech-ROG-WST-T1-RBP-IB-EN,11051890162,
01110010,*,business_unknown,fr-CA,Bus_Main_SMB_Ent_WST,*,*,phone-hardware-support,*,transfer,BusTech-ROG-WST-T1-Sat-IB-FR,11051890160,
01110010,*,business_unknown,en-US,Bus_Main_SMB_Ent_WST,*,*,business-phone-support,*,transfer,BusTech-ROG-WST-T1-RBP-IB-EN,11051890162,
01110010,*,business_unknown,fr-CA,Bus_Main_SMB_Ent_WST,*,*,business-phone-support,*,transfer,BusTech-ROG-WST-T1-Sat-IB-FR,11051890160,
01110010,*,business_unknown,en-US,Bus_Main_SMB_Ent_WST,*,*,agent-request-enterprise,*,transfer,BusServ-ROG-WST-ENT-Cbl-IB-EN,11051890171,
01110010,*,business_unknown,fr-CA,Bus_Main_SMB_Ent_WST,*,*,agent-request-enterprise,*,transfer,BusServ-ROG-WST-ENT-Cbl-IB-FR,11054112037,
01110010,*,business_unknown,en-US,Bus_Main_SMB_Ent_WST,*,*,advantage-voice-support,*,transfer,BusTech-ROG-WST-T1-Voice-IB-EN,11051890159,
01110010,*,business_unknown,fr-CA,Bus_Main_SMB_Ent_WST,*,*,advantage-voice-support,*,transfer,BusTech-ROG-WST-T1-Sat-IB-FR,11051890160,
01110001,*,business_unknown,en-US,Bus_Main_SMB,*,*,*,tech-support-wireline,transfer,BusTech-ROG-SMB-T1-Wirln-IB-EN,11051899019,
01110001,*,business_unknown,fr-CA,Bus_Main_SMB,*,*,*,tech-support-wireline,transfer,BusTech-ROG-SMB-T1-Wirln-IB-FR,11051899080,
01110001,*,business_enterprise_wireless,en-US,Bus_Main_SMB,*,*,*,tech-support-wireline,transfer,BusTech-ROG-SMB-T1-Wirln-IB-EN,11051899019,
01110001,*,business_enterprise_wireless,fr-CA,Bus_Main_SMB,*,*,*,tech-support-wireline,transfer,BusTech-ROG-SMB-T1-Wirln-IB-FR,11051899080,
00110001,*,*,en-US,Bus_Main_SMB,*,*,*,tech-support-wireline,transfer,BusTech-ROG-SMB-T1-Wirln-IB-EN,11051899019,
00110001,*,*,fr-CA,Bus_Main_SMB,*,*,*,tech-support-wireline,transfer,BusTech-ROG-SMB-T1-Wirln-IB-FR,11051899080,
01110001,*,business_unknown,en-US,Bus_Main_SMB,*,*,*,tech-support-wireless,transfer,BusTech-ROG-T1-Wir-IB-EN,11051899059,
01110001,*,business_unknown,fr-CA,Bus_Main_SMB,*,*,*,tech-support-wireless,transfer,BusTech-ROG-T1-Wir-IB-FR,11051899104,
01110001,*,business_enterprise_wireless,en-US,Bus_Main_SMB,*,*,*,tech-support-wireless,transfer,BusTech-ROG-T1-Wir-IB-EN,11051899059,
01110001,*,business_enterprise_wireless,fr-CA,Bus_Main_SMB,*,*,*,tech-support-wireless,transfer,BusTech-ROG-T1-Wir-IB-FR,11051899104,
00110001,*,*,en-US,Bus_Main_SMB,*,*,*,tech-support-wireless,transfer,BusTech-ROG-T1-Wir-IB-EN,11051899059,
00110001,*,*,fr-CA,Bus_Main_SMB,*,*,*,tech-support-wireless,transfer,BusTech-ROG-T1-Wir-IB-FR,11051899104,
00110101,*,*,en-US,Bus_Main_SMB,*,isWirelessOnly,*,tech-support-wholesale,transfer,BusTech-ROG-T1-Wir-IB-EN,11051899059,
00110101,*,*,fr-CA,Bus_Main_SMB,*,isWirelessOnly,*,tech-support-wholesale,transfer,BusTech-ROG-T1-Wir-IB-FR,11051899104,
01110001,*,business_unknown,en-US,Bus_Main_SMB,*,*,*,tech-support-wholesale,transfer,BusTech-ROG-SMB-T1-Wirln-IB-EN,11051899019,
01110001,*,business_unknown,fr-CA,Bus_Main_SMB,*,*,*,tech-support-wholesale,transfer,BusTech-ROG-SMB-T1-Wirln-IB-FR,11051899080,
01110001,*,business_enterprise_wireless,en-US,Bus_Main_SMB,*,*,*,tech-support-wholesale,transfer,BusTech-ROG-T1-Wir-IB-EN,11051899059,
01110001,*,business_enterprise_wireless,fr-CA,Bus_Main_SMB,*,*,*,tech-support-wholesale,transfer,BusTech-ROG-T1-Wir-IB-FR,11051899104,
00110001,*,*,en-US,Bus_Main_SMB,*,*,*,tech-support-wholesale,transfer,BusTech-ROG-SMB-T1-Wirln-IB-EN,11051899019,
00110001,*,*,fr-CA,Bus_Main_SMB,*,*,*,tech-support-wholesale,transfer,BusTech-ROG-SMB-T1-Wirln-IB-FR,11051899080,
01110001,*,business_unknown,en-US,Bus_Main_SMB,*,*,*,tech-support-T2-O365,transfer,BusTech-ROG-T1-Wir-IB-EN,11051899059,
01110001,*,business_unknown,fr-CA,Bus_Main_SMB,*,*,*,tech-support-T2-O365,transfer,BusTech-ROG-T1-Wir-IB-FR,11051899104,
01110001,*,business_enterprise_wireless,en-US,Bus_Main_SMB,*,*,*,tech-support-T2-O365,transfer,BusTech-ROG-T1-Wir-IB-EN,11051899059,
01110001,*,business_enterprise_wireless,fr-CA,Bus_Main_SMB,*,*,*,tech-support-T2-O365,transfer,BusTech-ROG-T1-Wir-IB-FR,11051899104,
00110001,*,*,en-US,Bus_Main_SMB,*,*,*,tech-support-T2-O365,transfer,BusTech-ROG-T1-Wir-IB-EN,11051899059,
00110001,*,*,fr-CA,Bus_Main_SMB,*,*,*,tech-support-T2-O365,transfer,BusTech-ROG-T1-Wir-IB-FR,11051899104,
01110001,*,business_unknown,en-US,Bus_Main_SMB,*,*,*,tech-support-T2-IOT,transfer,BusTech-ROG-T1-Wir-IB-EN,11051899059,
01110001,*,business_unknown,fr-CA,Bus_Main_SMB,*,*,*,tech-support-T2-IOT,transfer,BusTech-ROG-T1-Wir-IB-FR,11051899104,
01110001,*,business_enterprise_wireless,en-US,Bus_Main_SMB,*,*,*,tech-support-T2-IOT,transfer,BusTech-ROG-T1-Wir-IB-EN,11051899059,
01110001,*,business_enterprise_wireless,fr-CA,Bus_Main_SMB,*,*,*,tech-support-T2-IOT,transfer,BusTech-ROG-T1-Wir-IB-FR,11051899104,
00110001,*,*,en-US,Bus_Main_SMB,*,*,*,tech-support-T2-IOT,transfer,BusTech-ROG-T1-Wir-IB-EN,11051899059,
00110001,*,*,fr-CA,Bus_Main_SMB,*,*,*,tech-support-T2-IOT,transfer,BusTech-ROG-T1-Wir-IB-FR,11051899104,
01110001,*,business_unknown,en-US,Bus_Main_SMB,*,*,*,tech-support-T2-DEVC,transfer,BusTech-ROG-T1-Wir-IB-EN,11051899059,
01110001,*,business_unknown,fr-CA,Bus_Main_SMB,*,*,*,tech-support-T2-DEVC,transfer,BusTech-ROG-T1-Wir-IB-FR,11051899104,
01110001,*,business_enterprise_wireless,en-US,Bus_Main_SMB,*,*,*,tech-support-T2-DEVC,transfer,BusTech-ROG-T1-Wir-IB-EN,11051899059,
01110001,*,business_enterprise_wireless,fr-CA,Bus_Main_SMB,*,*,*,tech-support-T2-DEVC,transfer,BusTech-ROG-T1-Wir-IB-FR,11051899104,
00110001,*,*,en-US,Bus_Main_SMB,*,*,*,tech-support-T2-DEVC,transfer,BusTech-ROG-T1-Wir-IB-EN,11051899059,
00110001,*,*,fr-CA,Bus_Main_SMB,*,*,*,tech-support-T2-DEVC,transfer,BusTech-ROG-T1-Wir-IB-FR,11051899104,
01110001,*,business_unknown,en-US,Bus_Main_SMB,*,*,*,tech-support-satellite,transfer,BusTech-ROG-WST-ENT-T1-Sat-IB-EN,11051890166,
01110001,*,business_unknown,fr-CA,Bus_Main_SMB,*,*,*,tech-support-satellite,transfer,BusTech-ROG-WST-ENT-T1-Sat-IB-FR,11051890165,
01110001,*,business_enterprise_wireless,en-US,Bus_Main_SMB,*,*,*,tech-support-satellite,transfer,BusTech-ROG-WST-ENT-T1-Sat-IB-EN,11051890166,
01110001,*,business_enterprise_wireless,fr-CA,Bus_Main_SMB,*,*,*,tech-support-satellite,transfer,BusTech-ROG-WST-ENT-T1-Sat-IB-FR,11051890165,
00110001,*,*,en-US,Bus_Main_SMB,*,*,*,tech-support-satellite,transfer,BusTech-ROG-WST-ENT-T1-Sat-IB-EN,11051890166,
00110001,*,*,fr-CA,Bus_Main_SMB,*,*,*,tech-support-satellite,transfer,BusTech-ROG-WST-ENT-T1-Sat-IB-FR,11051890165,
01110001,*,business_unknown,en-US,Bus_Main_SMB,*,*,*,tech-support-advantage-wifi,transfer,BusTech-ROG-WST-T1-AdvProd-IB-EN,11051890157,
01110001,*,business_enterprise_wireless,en-US,Bus_Main_SMB,*,*,*,tech-support-advantage-wifi,transfer,BusTech-ROG-WST-T1-AdvProd-IB-EN,11051890157,
00110001,*,*,en-US,Bus_Main_SMB,*,*,*,tech-support-advantage-wifi,transfer,BusTech-ROG-WST-T1-AdvProd-IB-EN,11051890157,
01110001,*,business_unknown,en-US,Bus_Main_SMB,*,*,*,tech-support-advantage-voice,transfer,BusTech-ROG-T1-Wir-IB-EN,11051899059,
01110001,*,business_unknown,fr-CA,Bus_Main_SMB,*,*,*,tech-support-advantage-voice,transfer,BusTech-ROG-T1-Wir-IB-FR,11051899104,
01110001,*,business_enterprise_wireless,en-US,Bus_Main_SMB,*,*,*,tech-support-advantage-voice,transfer,BusTech-ROG-T1-Wir-IB-EN,11051899059,
01110001,*,business_enterprise_wireless,fr-CA,Bus_Main_SMB,*,*,*,tech-support-advantage-voice,transfer,BusTech-ROG-T1-Wir-IB-FR,11051899104,
00110001,*,*,en-US,Bus_Main_SMB,*,*,*,tech-support-advantage-voice,transfer,BusTech-ROG-T1-Wir-IB-EN,11051899059,
00110001,*,*,fr-CA,Bus_Main_SMB,*,*,*,tech-support-advantage-voice,transfer,BusTech-ROG-T1-Wir-IB-FR,11051899104,
00110101,*,*,en-US,Bus_Main_SMB,*,isWirelessOnly,*,tech-support,transfer,BusTech-ROG-T1-Wir-IB-EN,11051899059,
00110101,*,*,fr-CA,Bus_Main_SMB,*,isWirelessOnly,*,tech-support,transfer,BusTech-ROG-T1-Wir-IB-FR,11051899104,
01110001,*,business_unknown,en-US,Bus_Main_SMB,*,*,*,tech-support,transfer,BusTech-ROG-SMB-T1-Wirln-IB-EN,11051899019,
01110001,*,business_unknown,fr-CA,Bus_Main_SMB,*,*,*,tech-support,transfer,BusTech-ROG-SMB-T1-Wirln-IB-FR,11051899080,
01110001,*,business_enterprise_wireless,en-US,Bus_Main_SMB,*,*,*,tech-support,transfer,BusTech-ROG-T1-Wir-IB-EN,11051899059,
01110001,*,business_enterprise_wireless,fr-CA,Bus_Main_SMB,*,*,*,tech-support,transfer,BusTech-ROG-T1-Wir-IB-FR,11051899104,
00110001,*,*,en-US,Bus_Main_SMB,*,*,*,tech-support,transfer,BusTech-ROG-SMB-T1-Wirln-IB-EN,11051899019,
00110001,*,*,fr-CA,Bus_Main_SMB,*,*,*,tech-support,transfer,BusTech-ROG-SMB-T1-Wirln-IB-FR,11051899080,
00110101,*,*,en-US,Bus_Main_SMB,*,isWirelessOnly,*,service,transfer,BusServ-ROG-SMB-Wir-IB-EN,11051899023,
00110101,*,*,fr-CA,Bus_Main_SMB,*,isWirelessOnly,*,service,transfer,BusServ-ROG-SMB-Wir-IB-FR,11051899117,
01110001,*,business_unknown,en-US,Bus_Main_SMB,*,*,*,service,transfer,BusServ-ROG-SMB-Wir-IB-EN,11051899023,
01110001,*,business_unknown,fr-CA,Bus_Main_SMB,*,*,*,service,transfer,BusServ-ROG-SMB-Wir-IB-FR,11051899117,
01110001,*,business_enterprise_wireless,en-US,Bus_Main_SMB,*,*,*,service,transfer,BusServ-ROG-COMM-Wir-IB-EN,11051110059,
01110001,*,business_enterprise_wireless,fr-CA,Bus_Main_SMB,*,*,*,service,transfer,BusServ-ROG-COMM-Wir-IB-FR,11051899093,
00110001,*,*,en-US,Bus_Main_SMB,*,*,*,service,transfer,BusServ-ROG-SMB-Cbl-IB-EN,11051899024,
00110001,*,*,fr-CA,Bus_Main_SMB,*,*,*,service,transfer,BusServ-ROG-SMB-Cbl-IB-FR,11051899083,
01110001,*,business_enterprise_wireless,en-US,Bus_Main_SMB,*,*,*,self-serve-wireless-lost-stolen,transfer,Xfer-GVP-IVR-self-serve-wireless-lost-stolen-EN,11154890008,
01110001,*,business_enterprise_wireless,fr-CA,Bus_Main_SMB,*,*,*,self-serve-wireless-lost-stolen,transfer,Xfer-GVP-IVR-self-serve-wireless-lost-stolen-FR,11154890018,
00110001,*,*,en-US,Bus_Main_SMB,*,*,*,self-serve-wireless-lost-stolen,transfer,Xfer-GVP-IVR-self-serve-wireless-lost-stolen-EN,11154890008,
00110001,*,*,fr-CA,Bus_Main_SMB,*,*,*,self-serve-wireless-lost-stolen,transfer,Xfer-GVP-IVR-self-serve-wireless-lost-stolen-FR,11154890018,
01110001,*,business_enterprise_wireless,en-US,Bus_Main_SMB,*,*,*,self-serve-wireless-HUP,transfer,BusServ-ROG-COMM-Wir-IB-EN,11051110059,
01110001,*,business_enterprise_wireless,fr-CA,Bus_Main_SMB,*,*,*,self-serve-wireless-HUP,transfer,BusServ-ROG-COMM-Wir-IB-FR,11051899093,
00110001,*,*,en-US,Bus_Main_SMB,*,*,*,self-serve-wireless-HUP,transfer,BusSls-ROG-SMB-Wir-IB-EN,11051899060,
00110001,*,*,fr-CA,Bus_Main_SMB,*,*,*,self-serve-wireless-HUP,transfer,BusSls-ROG-SMB-Wir-IB-FR,11051899105,
00110101,*,*,en-US,Bus_Main_SMB,*,isWirelessOnly,*,self-serve-PromiseToPay,transfer,Xfer-GVP-IVR-self-serve-PromiseToPay-EN,11154890006,
00110101,*,*,fr-CA,Bus_Main_SMB,*,isWirelessOnly,*,self-serve-PromiseToPay,transfer,Xfer-GVP-IVR-self-serve-PromiseToPay-FR,11154890016,
01110001,*,business_enterprise_wireless,en-US,Bus_Main_SMB,*,*,*,self-serve-PromiseToPay,transfer,Xfer-GVP-IVR-self-serve-PromiseToPay-EN,11154890006,
01110001,*,business_enterprise_wireless,fr-CA,Bus_Main_SMB,*,*,*,self-serve-PromiseToPay,transfer,Xfer-GVP-IVR-self-serve-PromiseToPay-FR,11154890016,
00110001,*,*,en-US,Bus_Main_SMB,*,*,*,self-serve-PromiseToPay,transfer,Xfer-GVP-IVR-self-serve-PromiseToPay-EN,11154890006,
00110001,*,*,fr-CA,Bus_Main_SMB,*,*,*,self-serve-PromiseToPay,transfer,Xfer-GVP-IVR-self-serve-PromiseToPay-FR,11154890016,
01110001,*,business_enterprise_wireless,en-US,Bus_Main_SMB,*,*,*,self-serve-PaymentHistory,transfer,Xfer-GVP-IVR-self-serve-PaymentHistory-EN,11154890007,
01110001,*,business_enterprise_wireless,fr-CA,Bus_Main_SMB,*,*,*,self-serve-PaymentHistory,transfer,Xfer-GVP-IVR-self-serve-PaymentHistory-FR,11154890017,
00110001,*,*,en-US,Bus_Main_SMB,*,*,*,self-serve-PaymentHistory,transfer,Xfer-GVP-IVR-self-serve-PaymentHistory-EN,11154890007,
00110001,*,*,fr-CA,Bus_Main_SMB,*,*,*,self-serve-PaymentHistory,transfer,Xfer-GVP-IVR-self-serve-PaymentHistory-FR,11154890017,
01110001,*,business_enterprise_wireless,en-US,Bus_Main_SMB,*,*,*,self-serve-OrderStatus,transfer,Xfer-GVP-IVR-self-serve-OrderStatus-EN,11154890010,
01110001,*,business_enterprise_wireless,fr-CA,Bus_Main_SMB,*,*,*,self-serve-OrderStatus,transfer,Xfer-GVP-IVR-self-serve-OrderStatus-FR,11154890020,
00110001,*,*,en-US,Bus_Main_SMB,*,*,*,self-serve-OrderStatus,transfer,Xfer-GVP-IVR-self-serve-OrderStatus-EN,11154890010,
00110001,*,*,fr-CA,Bus_Main_SMB,*,*,*,self-serve-OrderStatus,transfer,Xfer-GVP-IVR-self-serve-OrderStatus-FR,11154890020,
01110001,*,business_enterprise_wireless,en-US,Bus_Main_SMB,*,*,*,self-serve-MakePayment,transfer,Xfer-GVP-IVR-self-serve-MakePayment-EN,11154890005,
01110001,*,business_enterprise_wireless,fr-CA,Bus_Main_SMB,*,*,*,self-serve-MakePayment,transfer,Xfer-GVP-IVR-self-serve-MakePayment-FR,11154890015,
00110001,*,*,en-US,Bus_Main_SMB,*,*,*,self-serve-MakePayment,transfer,Xfer-GVP-IVR-self-serve-MakePayment-EN,11154890005,
00110001,*,*,fr-CA,Bus_Main_SMB,*,*,*,self-serve-MakePayment,transfer,Xfer-GVP-IVR-self-serve-MakePayment-FR,11154890015,
00110101,*,*,en-US,Bus_Main_SMB,*,isWirelessOnly,*,self-serve-local-number-portability,transfer,BusServ-ROG-SMB-Wir-IB-EN,11051899023,
00110101,*,*,fr-CA,Bus_Main_SMB,*,isWirelessOnly,*,self-serve-local-number-portability,transfer,BusServ-ROG-SMB-Wir-IB-FR,11051899117,
01110001,*,business_enterprise_wireless,en-US,Bus_Main_SMB,*,*,*,self-serve-local-number-portability,transfer,BusServ-ROG-COMM-Wir-IB-EN,11051110059,
01110001,*,business_enterprise_wireless,fr-CA,Bus_Main_SMB,*,*,*,self-serve-local-number-portability,transfer,BusServ-ROG-COMM-Wir-IB-FR,11051899093,
00110001,*,*,en-US,Bus_Main_SMB,*,*,*,self-serve-local-number-portability,transfer,BusServ-ROG-SMB-Cbl-IB-EN,11051899024,
00110001,*,*,fr-CA,Bus_Main_SMB,*,*,*,self-serve-local-number-portability,transfer,BusServ-ROG-SMB-Cbl-IB-FR,11051899083,
01110001,*,business_enterprise_wireless,en-US,Bus_Main_SMB,*,*,*,self-serve-InterceptBalance,transfer,Xfer-GVP-IVR-self-serve-InterceptBalance-EN,11154890004,
01110001,*,business_enterprise_wireless,fr-CA,Bus_Main_SMB,*,*,*,self-serve-InterceptBalance,transfer,Xfer-GVP-IVR-self-serve-InterceptBalance-FR,11154890014,
00110001,*,*,en-US,Bus_Main_SMB,*,*,*,self-serve-InterceptBalance,transfer,Xfer-GVP-IVR-self-serve-InterceptBalance-EN,11154890004,
00110001,*,*,fr-CA,Bus_Main_SMB,*,*,*,self-serve-InterceptBalance,transfer,Xfer-GVP-IVR-self-serve-InterceptBalance-FR,11154890014,
01110001,*,business_enterprise_wireless,en-US,Bus_Main_SMB,*,*,*,self-serve-AccountBalance,transfer,BusServ-ROG-COMM-Wir-IB-EN,11051110059,
01110001,*,business_enterprise_wireless,en-US,Bus_Main_SMB,*,*,*,self-serve-AccountBalance,transfer,BusServ-ROG-COMM-Wir-IB-EN,11051110059,
01110001,*,business_enterprise_wireless,fr-CA,Bus_Main_SMB,*,*,*,self-serve-AccountBalance,transfer,BusServ-ROG-COMM-Wir-IB-FR,11051899093,
01110001,*,business_enterprise_wireless,fr-CA,Bus_Main_SMB,*,*,*,self-serve-AccountBalance,transfer,BusServ-ROG-COMM-Wir-IB-FR,11051899093,
00110001,*,*,en-US,Bus_Main_SMB,*,*,*,self-serve-AccountBalance,transfer,Xfer-GVP-IVR-self-serve-AccountBalance-EN,11154890003,
00110001,*,*,fr-CA,Bus_Main_SMB,*,*,*,self-serve-AccountBalance,transfer,Xfer-GVP-IVR-self-serve-AccountBalance-FR,11154890013,
01110001,*,business_unknown,en-US,Bus_Main_SMB,*,*,*,sales-wireline,transfer,BusSls-ROG-SMB-Cbl-IB-EN,11051899061,
01110001,*,business_unknown,fr-CA,Bus_Main_SMB,*,*,*,sales-wireline,transfer,BusSls-ROG-SMB-Cbl-IB-FR,11051899153,
01110001,*,business_enterprise_wireless,en-US,Bus_Main_SMB,*,*,*,sales-wireline,transfer,BusSls-ROG-SMB-Cbl-IB-EN,11051899061,
01110001,*,business_enterprise_wireless,fr-CA,Bus_Main_SMB,*,*,*,sales-wireline,transfer,BusSls-ROG-SMB-Cbl-IB-FR,11051899153,
00110001,*,*,en-US,Bus_Main_SMB,*,*,*,sales-wireline,transfer,BusSls-ROG-SMB-Cbl-IB-EN,11051899061,
00110001,*,*,fr-CA,Bus_Main_SMB,*,*,*,sales-wireline,transfer,BusSls-ROG-SMB-Cbl-IB-FR,11051899153,
00110101,*,*,en-US,Bus_Main_SMB,*,isWirelessOnly,*,sales-wireless,transfer,BusSls-ROG-SMB-Wir-IB-EN,11051899060,
00110101,*,*,fr-CA,Bus_Main_SMB,*,isWirelessOnly,*,sales-wireless,transfer,BusSls-ROG-SMB-Wir-IB-FR,11051899105,
01110001,*,business_unknown,en-US,Bus_Main_SMB,*,*,*,sales-wireless,transfer,BusSls-ROG-SMB-Wir-IB-EN,11051899060,
01110001,*,business_unknown,fr-CA,Bus_Main_SMB,*,*,*,sales-wireless,transfer,BusSls-ROG-SMB-Wir-IB-FR,11051899105,
01110001,*,business_enterprise_wireless,en-US,Bus_Main_SMB,*,*,*,sales-wireless,transfer,BusServ-ROG-COMM-Wir-IB-EN,11051110059,
01110001,*,business_enterprise_wireless,fr-CA,Bus_Main_SMB,*,*,*,sales-wireless,transfer,BusServ-ROG-COMM-Wir-IB-FR,11051899093,
00110001,*,*,en-US,Bus_Main_SMB,*,*,*,sales-wireless,transfer,BusSls-ROG-SMB-Cbl-IB-EN,11051899061,
00110001,*,*,fr-CA,Bus_Main_SMB,*,*,*,sales-wireless,transfer,BusSls-ROG-SMB-Cbl-IB-FR,11051899153,
01110001,*,consumer_east,en-US,Bus_Main_SMB,*,*,*,sales,transfer,BusSls-ROG-SMB-Cbl-IB-EN,11051899061,
01110001,*,consumer_east,fr-CA,Bus_Main_SMB,*,*,*,sales,transfer,BusSls-ROG-SMB-Cbl-IB-FR,11051899153,
01110001,*,business_unknown,en-US,Bus_Main_SMB,*,*,*,sales,transfer,BusSls-ROG-SMB-Cbl-IB-EN,11051899061,
01110001,*,business_unknown,fr-CA,Bus_Main_SMB,*,*,*,sales,transfer,BusSls-ROG-SMB-Cbl-IB-FR,11051899153,
01110001,*,business_enterprise_wireless,en-US,Bus_Main_SMB,*,*,*,sales,transfer,BusServ-ROG-COMM-Wir-IB-EN,11051110059,
01110001,*,business_enterprise_wireless,fr-CA,Bus_Main_SMB,*,*,*,sales,transfer,BusServ-ROG-COMM-Wir-IB-FR,11051899093,
00110001,*,*,en-US,Bus_Main_SMB,*,*,*,sales,transfer,BusSls-ROG-SMB-Cbl-IB-EN,11051899061,
00110001,*,*,fr-CA,Bus_Main_SMB,*,*,*,sales,transfer,BusSls-ROG-SMB-Cbl-IB-FR,11051899153,
00110101,*,*,en-US,Bus_Main_SMB,*,isWirelessOnly,*,collection-payments,transfer,BusServ-ROG-SMB-Wir-IB-EN,11051899023,
00110101,*,*,fr-CA,Bus_Main_SMB,*,isWirelessOnly,*,collection-payments,transfer,BusServ-ROG-SMB-Wir-IB-FR,11051899117,
01110001,*,business_unknown,en-US,Bus_Main_SMB,*,*,*,collection-payments,transfer,BusServ-ROG-SMB-Wir-IB-EN,11051899023,
01110001,*,business_unknown,fr-CA,Bus_Main_SMB,*,*,*,collection-payments,transfer,BusServ-ROG-SMB-Wir-IB-FR,11051899117,
01110001,*,business_enterprise_wireless,en-US,Bus_Main_SMB,*,*,*,collection-payments,transfer,BusServ-ROG-COMM-Wir-IB-EN,11051110059,
01110001,*,business_enterprise_wireless,fr-CA,Bus_Main_SMB,*,*,*,collection-payments,transfer,BusServ-ROG-COMM-Wir-IB-FR,11051899093,
00110001,*,*,en-US,Bus_Main_SMB,*,*,*,collection-payments,transfer,BusServ-ROG-SMB-Cbl-IB-EN,11051899024,
00110001,*,*,fr-CA,Bus_Main_SMB,*,*,*,collection-payments,transfer,BusServ-ROG-SMB-Cbl-IB-FR,11051899083,
00110101,*,*,en-US,Bus_Main_SMB,*,isWirelessOnly,*,churn-risk,transfer,BusServ-ROG-SMB-Wir-IB-EN,11051899023,
00110101,*,*,fr-CA,Bus_Main_SMB,*,isWirelessOnly,*,churn-risk,transfer,BusServ-ROG-SMB-Wir-IB-FR,11051899117,
01110001,*,business_unknown,en-US,Bus_Main_SMB,*,*,*,churn-risk,transfer,BusServ-ROG-SMB-Wir-IB-EN,11051899023,
01110001,*,business_unknown,fr-CA,Bus_Main_SMB,*,*,*,churn-risk,transfer,BusServ-ROG-SMB-Wir-IB-FR,11051899117,
01110001,*,business_enterprise_wireless,en-US,Bus_Main_SMB,*,*,*,churn-risk,transfer,BusServ-ROG-COMM-Wir-IB-EN,11051110059,
01110001,*,business_enterprise_wireless,fr-CA,Bus_Main_SMB,*,*,*,churn-risk,transfer,BusServ-ROG-COMM-Wir-IB-FR,11051899093,
00110001,*,*,en-US,Bus_Main_SMB,*,*,*,churn-risk,transfer,BusServ-ROG-SMB-Cbl-IB-EN,11051899024,
00110001,*,*,fr-CA,Bus_Main_SMB,*,*,*,churn-risk,transfer,BusServ-ROG-SMB-Cbl-IB-FR,11051899083,
00110100,*,*,en-US,Bus_Main_SMB,*,isWirelessOnly,*,*,transfer,BusServ-ROG-SMB-Wir-IB-EN,11051899023,
00110100,*,*,fr-CA,Bus_Main_SMB,*,isWirelessOnly,*,*,transfer,BusServ-ROG-SMB-Wir-IB-FR,11051899117,
01110000,*,business_unknown,en-US,Bus_Main_SMB,*,*,*,*,transfer,BusServ-ROG-SMB-Cbl-IB-EN,11051899024,
01110000,*,business_unknown,fr-CA,Bus_Main_SMB,*,*,*,*,transfer,BusServ-ROG-SMB-Cbl-IB-FR,11051899083,
01110000,*,business_enterprise_wireless,en-US,Bus_Main_SMB,*,*,*,*,transfer,BusServ-ROG-COMM-Wir-IB-EN,11051110059,
01110000,*,business_enterprise_wireless,fr-CA,Bus_Main_SMB,*,*,*,*,transfer,BusServ-ROG-COMM-Wir-IB-FR,11051899093,
00110000,*,*,en-US,Bus_Main_SMB,*,*,*,*,transfer,BusServ-ROG-SMB-Cbl-IB-EN,11051899024,
00110000,*,*,fr-CA,Bus_Main_SMB,*,*,*,*,transfer,BusServ-ROG-SMB-Cbl-IB-FR,11051899083,
01111001,*,business_enterprise_wireless,en-US,Bus_Main_SMB,DELINQUENT0001,*,*,sales-wireline,transfer,BusServ-ROG-SMB-Cbl-IB-EN,11051899024,
01111001,*,business_enterprise_wireless,fr-CA,Bus_Main_SMB,DELINQUENT0001,*,*,sales-wireline,transfer,BusServ-ROG-SMB-Cbl-IB-FR,11051899083,
00111001,*,*,en-US,Bus_Main_SMB,DELINQUENT0001,*,*,sales-wireline,transfer,BusServ-ROG-SMB-Cbl-IB-EN,11051899024,
00111001,*,*,fr-CA,Bus_Main_SMB,DELINQUENT0001,*,*,sales-wireline,transfer,BusServ-ROG-SMB-Cbl-IB-FR,11051899083,
00111101,*,*,en-US,Bus_Main_SMB,DELINQUENT0001,isWirelessOnly,*,sales-wireless,transfer,BusServ-ROG-SMB-Wir-IB-EN,11051899023,
00111101,*,*,fr-CA,Bus_Main_SMB,DELINQUENT0001,isWirelessOnly,*,sales-wireless,transfer,BusServ-ROG-SMB-Wir-IB-FR,11051899117,
01111001,*,business_enterprise_wireless,en-US,Bus_Main_SMB,DELINQUENT0001,*,*,sales-wireless,transfer,BusServ-ROG-COMM-Wir-IB-EN,11051110059,
01111001,*,business_enterprise_wireless,fr-CA,Bus_Main_SMB,DELINQUENT0001,*,*,sales-wireless,transfer,BusServ-ROG-COMM-Wir-IB-FR,11051899093,
00111001,*,*,en-US,Bus_Main_SMB,DELINQUENT0001,*,*,sales-wireless,transfer,BusServ-ROG-SMB-Cbl-IB-EN,11051899024,
00111001,*,*,fr-CA,Bus_Main_SMB,DELINQUENT0001,*,*,sales-wireless,transfer,BusServ-ROG-SMB-Cbl-IB-FR,11051899083,
01111001,*,consumer_east,en-US,Bus_Main_SMB,DELINQUENT0001,*,*,sales,transfer,BusServ-ROG-SMB-Cbl-IB-EN,11051899024,
01111001,*,consumer_east,fr-CA,Bus_Main_SMB,DELINQUENT0001,*,*,sales,transfer,BusServ-ROG-SMB-Cbl-IB-FR,11051899083,
01111001,*,business_enterprise_wireless,en-US,Bus_Main_SMB,DELINQUENT0001,*,*,sales,transfer,BusServ-ROG-COMM-Wir-IB-EN,11051110059,
01111001,*,business_enterprise_wireless,fr-CA,Bus_Main_SMB,DELINQUENT0001,*,*,sales,transfer,BusServ-ROG-COMM-Wir-IB-FR,11051899093,
00111001,*,*,en-US,Bus_Main_SMB,DELINQUENT0001,*,*,sales,transfer,BusServ-ROG-SMB-Cbl-IB-EN,11051899024,
00111001,*,*,fr-CA,Bus_Main_SMB,DELINQUENT0001,*,*,sales,transfer,BusServ-ROG-SMB-Cbl-IB-FR,11051899083,
01111100,*,consumer_east,en-US,Bus_Main_SMB,DELINQUENT0002,isWirelessOnly,*,*,transfer,CredOps-ROG-CNS-Clct-DelqB-Wir-IB-EN,11051511008,
01111100,*,consumer_east,fr-CA,Bus_Main_SMB,DELINQUENT0002,isWirelessOnly,*,*,transfer,CredOps-ROG-CNS-Clct-DelqB-Wir-IB-FR,11051512008,
00111100,*,*,en-US,Bus_Main_SMB,DELINQUENT0002,isWirelessOnly,*,*,transfer,CredOps-ROG-CNS-Clct-DelqB-Wir-IB-EN,11051511008,
00111100,*,*,fr-CA,Bus_Main_SMB,DELINQUENT0002,isWirelessOnly,*,*,transfer,CredOps-ROG-CNS-Clct-DelqB-Wir-IB-FR,11051512008,
01111000,*,consumer_east,en-US,Bus_Main_SMB,DELINQUENT0002,*,*,*,transfer,CredOps-ROG-CNS-Clct-DelqB-MS-IB-EN,11051511006,
01111000,*,consumer_east,fr-CA,Bus_Main_SMB,DELINQUENT0002,*,*,*,transfer,CredOps-ROG-CNS-Clct-DelqB-MS-IB-FR,11051512006,
01111000,*,business_enterprise_wireless,en-US,Bus_Main_SMB,DELINQUENT0002,*,*,*,transfer,BusServ-ROG-COMM-Wir-IB-EN,11051110059,
01111000,*,business_enterprise_wireless,fr-CA,Bus_Main_SMB,DELINQUENT0002,*,*,*,transfer,BusServ-ROG-COMM-Wir-IB-FR,11051899093,
00111000,*,*,en-US,Bus_Main_SMB,DELINQUENT0002,*,*,*,transfer,CredOps-ROG-CNS-Clct-DelqB-MS-IB-EN,11051511006,
00111000,*,*,fr-CA,Bus_Main_SMB,DELINQUENT0002,*,*,*,transfer,CredOps-ROG-CNS-Clct-DelqB-MS-IB-FR,11051512006,
00110001,*,*,fr-CA,Bus_Main_Regional_Ent_DA,*,*,*,Bus-Main-Regional-Ent-DA-techsupport,transfer,BusTech-ROG-ENT-T2-IoT-IB-FR,11054112032,
00110001,*,*,fr-CA,Bus_Main_Regional_Ent_DA,*,*,*,Bus-Main-Regional-Ent-DA-billing,transfer,BusServ-ROG-ENT-QC-Wir-IB-FR,11054111030,
00110001,*,*,en-US,Bus_Main_GOC_Ent,*,*,*,Bus-Main-GOC-Ent-techsupport,transfer,BusTech-ROG-ENT-T1-MngdSvcs-IB-EN,11051890113,
00110001,*,*,fr-CA,Bus_Main_GOC_Ent,*,*,*,Bus-Main-GOC-Ent-techsupport,transfer,BusTech-ROG-ENT-T1-MngdSvcs-IB-FR,11051890114,
00110001,*,*,en-US,Bus_Main_GOC_Ent,*,*,*,Bus-Main-GOC-Ent-billing,transfer,BusServ-ROG-ENT-GOC-Wirln-IB-EN,11054111006,
00110001,*,*,fr-CA,Bus_Main_GOC_Ent,*,*,*,Bus-Main-GOC-Ent-billing,transfer,BusServ-ROG-ENT-GOC-Wirln-IB-FR,11054112028,
00110001,*,*,en-US,Bus_Main_Ent_DA,*,*,*,Bus-Main-Ent-DA-techsupport-TPIA,transfer,BusTech-ROG-ENT-T1-TPIA-IB-EN,11054211060,
00110001,*,*,fr-CA,Bus_Main_Ent_DA,*,*,*,Bus-Main-Ent-DA-techsupport-TPIA,transfer,BusTech-ROG-ENT-T1-TPIA-IB-FR,11054212060,
00110001,*,*,en-US,Bus_Main_Ent_DA,*,*,*,Bus-Main-Ent-DA-techsupport-phone,transfer,BusTech-ROG-T1-RBP-IB-EN,11051890096,
00110001,*,*,fr-CA,Bus_Main_Ent_DA,*,*,*,Bus-Main-Ent-DA-techsupport-phone,transfer,BusTech-ROG-T1-RBP-IB-FR,11051890097,
00110001,*,*,en-US,Bus_Main_Ent_DA,*,*,*,Bus-Main-Ent-DA-techsupport-other,transfer,BusTech-ROG-ENT-T1-Wirln-IB-EN,11051899057,
00110001,*,*,fr-CA,Bus_Main_Ent_DA,*,*,*,Bus-Main-Ent-DA-techsupport-other,transfer,BusTech-ROG-ENT-T1-Wirln-IB-FR,11051899197,
00110001,*,*,en-US,Bus_Main_Ent_DA,*,*,*,Bus-Main-Ent-DA-techsupport-managed-services,transfer,BusTech-ROG-ENT-T1-MngdSvcs-IB-EN,11051890113,
00110001,*,*,fr-CA,Bus_Main_Ent_DA,*,*,*,Bus-Main-Ent-DA-techsupport-managed-services,transfer,BusTech-ROG-ENT-T1-MngdSvcs-IB-FR,11051890114,
00110001,*,*,en-US,Bus_Main_Ent_DA,*,*,*,Bus-Main-Ent-DA-techsupport-ent-internet,transfer,BusTech-ROG-ENT-T1-ECI-IB-EN,11051899030,
00110001,*,*,fr-CA,Bus_Main_Ent_DA,*,*,*,Bus-Main-Ent-DA-techsupport-ent-internet,transfer,BusTech-ROG-ENT-T1-ECI-IB-FR,11051899086,
00110001,*,*,en-US,Bus_Main_Ent_DA,*,*,*,Bus-Main-Ent-DA-techsupport-data-centre,transfer,BusTech-ROG-ENT-T1-DataCntr-IB-EN,11051899031,
00110001,*,*,fr-CA,Bus_Main_Ent_DA,*,*,*,Bus-Main-Ent-DA-techsupport-data-centre,transfer,BusTech-ROG-ENT-T1-DataCntr-IB-FR,11051899087,
00110001,*,*,en-US,Bus_Main_Ent_DA,*,*,*,Bus-Main-Ent-DA-sales,transfer,BusSls-ROG-SMB-Cbl-IB-EN,11051899061,
00110001,*,*,fr-CA,Bus_Main_Ent_DA,*,*,*,Bus-Main-Ent-DA-sales,transfer,BusSls-ROG-SMB-Cbl-IB-FR,11051899153,
00110001,*,*,en-US,Bus_Main_Ent_DA,*,*,*,Bus-Main-Ent-DA-billing-wireline,transfer,BusServ-ROG-COMM-Wirln-IB-EN,11051890045,
00110001,*,*,fr-CA,Bus_Main_Ent_DA,*,*,*,Bus-Main-Ent-DA-billing-wireline,transfer,BusServ-ROG-COMM-Wirln-IB-FR,11051890046,
00110001,*,*,en-US,Bus_Main_Ent_DA,*,*,*,Bus-Main-Ent-DA-billing-other,transfer,BusServ-ROG-COMM-Wirln-IB-EN,11051890045,
00110001,*,*,fr-CA,Bus_Main_Ent_DA,*,*,*,Bus-Main-Ent-DA-billing-other,transfer,BusServ-ROG-COMM-Wirln-IB-FR,11051890046,
00110001,*,*,en-US,Bus_Main_Ent_DA,*,*,*,Bus-Main-Ent-DA-billing-managed-services,transfer,BusServ-ROG-ENT-MngdSvcs-IB-EN,11051890111,
00110001,*,*,fr-CA,Bus_Main_Ent_DA,*,*,*,Bus-Main-Ent-DA-billing-managed-services,transfer,BusServ-ROG-ENT-MngdSvcs-IB-FR,11051890112,
00110001,*,*,en-US,Bus_Main_Ent_DA,*,*,*,Bus-Main-Ent-DA-billing-data-centre,transfer,BusServ-ROG-COMM-DataCntr-IB-EN,11051890047,
00110001,*,*,fr-CA,Bus_Main_Ent_DA,*,*,*,Bus-Main-Ent-DA-billing-data-centre,transfer,BusServ-ROG-COMM-DataCntr-IB-FR,11051890048,
00110001,*,*,en-US,Bus_Collect_SMB_Wirln_WST_DA,*,*,*,Bus-Collect-SMB-Wirln-WST-DA,transfer,CredOps-ROG-ENT-DA-Dummy-EN,11154710004,
00110001,*,*,en-US,Bus_Collect_Ent_Wirln_WST_DA,*,*,*,Bus-Collect-Ent-Wirln-WST-DA,transfer,CredOps-ROG-ENT-DA-Dummy-EN,11154710004,
00110001,*,*,en-US,Bus_Collect_Ent_Wirln_DA,*,*,*,Bus-Collect-Ent-Wirln-DA,transfer,CredOps-ROG-ENT-DA-Dummy-EN,11154710004,
00110001,*,*,fr-CA,Bus_Collect_Ent_Wirln_DA,*,*,*,Bus-Collect-Ent-Wirln-DA,transfer,CredOps-ROG-ENT-DA-Dummy-FR,11154710004,
00110001,*,*,en-US,Bus_Collect_Ent_Wir_DA,*,*,*,Bus-Collect-Ent-Wir-DA,transfer,CredOps-ROG-ENT-DA-Dummy-EN,11154710004,
00110001,*,*,fr-CA,Bus_Collect_Ent_Wir_DA,*,*,*,Bus-Collect-Ent-Wir-DA,transfer,CredOps-ROG-ENT-DA-Dummy-FR,11154710004,
01100000,*,consumer_east,en-US,*,*,*,*,*,transfer,Xfer-GVP-IVR-post-20018-ANI-ID-Message-EN,11154890001,
01100000,*,consumer_east,fr-CA,*,*,*,*,*,transfer,Xfer-GVP-IVR-post-20018-ANI-ID-Message-FR,11154890011,
00100000,*,*,en-US,*,*,*,*,*,transfer,BusServ-ROG-SMB-Cbl-IB-EN,11051899024,
00100000,*,*,fr-CA,*,*,*,*,*,transfer,BusServ-ROG-SMB-Cbl-IB-FR,11051899083,
00110101,*,*,fr-CA,Bus_Main_SMB,*,isWirelessOnly,*,self-serve-wireless-lost-stolen,transfer,Xfer-GVP-IVR-self-serve-wireless-lost-stolen-FR,11154890018,
00110101,*,*,en-US,Bus_Main_SMB,*,isWirelessOnly,*,self-serve-wireless-lost-stolen,transfer,Xfer-GVP-IVR-self-serve-wireless-lost-stolen-EN,11154890008,
00110101,*,*,fr-CA,Bus_Main_SMB,*,isWirelessOnly,*,self-serve-wireless-HUP,transfer,BusSls-ROG-SMB-Wir-IB-FR,11051899105,
00110101,*,*,en-US,Bus_Main_SMB,*,isWirelessOnly,*,self-serve-wireless-HUP,transfer,BusSls-ROG-SMB-Wir-IB-EN,11051899060,
00110101,*,*,fr-CA,Bus_Main_SMB,*,isWirelessOnly,*,self-serve-PaymentHistory,transfer,Xfer-GVP-IVR-self-serve-PaymentHistory-FR,11154890017,
00110101,*,*,en-US,Bus_Main_SMB,*,isWirelessOnly,*,self-serve-PaymentHistory,transfer,Xfer-GVP-IVR-self-serve-PaymentHistory-EN,11154890007,
00110101,*,*,fr-CA,Bus_Main_SMB,*,isWirelessOnly,*,self-serve-OrderStatus,transfer,Xfer-GVP-IVR-self-serve-OrderStatus-FR,11154890020,
00110101,*,*,en-US,Bus_Main_SMB,*,isWirelessOnly,*,self-serve-OrderStatus,transfer,Xfer-GVP-IVR-self-serve-OrderStatus-EN,11154890010,
00110101,*,*,fr-CA,Bus_Main_SMB,*,isWirelessOnly,*,self-serve-MakePayment,transfer,Xfer-GVP-IVR-self-serve-MakePayment-FR,11154890015,
00110101,*,*,en-US,Bus_Main_SMB,*,isWirelessOnly,*,self-serve-MakePayment,transfer,Xfer-GVP-IVR-self-serve-MakePayment-EN,11154890005,
00110101,*,*,fr-CA,Bus_Main_SMB,*,isWirelessOnly,*,self-serve-InterceptBalance,transfer,Xfer-GVP-IVR-self-serve-InterceptBalance-FR,11154890014,
00110101,*,*,en-US,Bus_Main_SMB,*,isWirelessOnly,*,self-serve-InterceptBalance,transfer,Xfer-GVP-IVR-self-serve-InterceptBalance-EN,11154890004,
00110101,*,*,fr-CA,Bus_Main_SMB,*,isWirelessOnly,*,self-serve-AccountBalance,transfer,Xfer-GVP-IVR-self-serve-AccountBalance-FR,11154890013,
00110101,*,*,en-US,Bus_Main_SMB,*,isWirelessOnly,*,self-serve-AccountBalance,transfer,Xfer-GVP-IVR-self-serve-AccountBalance-EN,11154890003,
